Segment,Block_ID,N_Number,Cmd_F,Is_G01,Is_G02,Is_G03,Is_Traori,Is_Cycle800,Is_MCALL_Sub,C832_Tol,C832_Mode,Turn_Count,Is_Partial_Arc,Is_Z_Plunge,Kinematic_Speed_Limit,Tgt_X,Tgt_Y,Tgt_Z,G04_Dwell_Time,Tgt_B,Tgt_C,Delta_3D,Delta_Rot,Tool_Vector_Delta,Delta_B,Delta_C,Delta_A3,Delta_B3,Delta_C3,Kinematic_Blend_Ratio,Rotary_Velocity_Demand,Sharpness_Angle,Is_Motion_Block,Is_Reversal_X,Is_Reversal_Y,Is_Reversal_Z,Delta_X,Delta_Y,Delta_Z,Spline_Curvature,Duration_Sec,Target_Feedrate,Estimasi_Durasi_Teoritis_s
1,1,1,1000.0,1,0,0,0,0,0,0.1,0,0.0,0,0,0.0,0.0,0.0,0.0,0.0,0.0,0.0,0.0,0.0,0.0,0.0,0.0,0.0,0.0,0.0,0.0,0.0,0.0,0,0,0,0,0.0,0.0,0.0,0.0,0.0,0.0,0.0
1,2,2,1000.0,1,0,0,0,0,0,0.1,0,0.0,0,0,0.0,0.0,0.0,0.0,0.0,0.0,0.0,0.0,0.0,0.0,0.0,0.0,0.0,0.0,0.0,0.0,0.0,0.0,0,0,0,0,0.0,0.0,0.0,0.0,0.0,0.0,0.0
1,3,3,1000.0,1,0,0,0,0,0,0.1,0,0.0,0,0,0.0,0.0,0.0,0.0,0.0,0.0,0.0,0.0,0.0,0.0,0.0,0.0,0.0,0.0,0.0,0.0,0.0,0.0,0,0,0,0,0.0,0.0,0.0,0.0,0.0,0.0,0.0
1,4,4,1000.0,1,0,0,0,0,0,0.1,0,0.0,0,0,0.0,0.0,0.0,0.0,0.0,0.0,0.0,0.0,0.0,0.0,0.0,0.0,0.0,0.0,0.0,0.0,0.0,0.0,0,0,0,0,0.0,0.0,0.0,0.0,0.0,0.0,0.0
1,5,5,1000.0,1,0,0,0,0,0,0.1,0,0.0,0,0,0.0,0.0,0.0,0.0,0.0,0.0,0.0,0.0,0.0,0.0,0.0,0.0,0.0,0.0,0.0,0.0,0.0,0.0,0,0,0,0,0.0,0.0,0.0,0.0,0.0,0.0,0.0
1,6,6,1000.0,1,0,0,0,0,0,0.1,0,0.0,0,0,0.0,0.0,0.0,0.0,0.0,0.0,0.0,0.0,0.0,0.0,0.0,0.0,0.0,0.0,0.0,0.0,0.0,0.0,0,0,0,0,0.0,0.0,0.0,0.0,0.0,0.0,0.0
1,7,7,1000.0,1,0,0,0,0,0,0.1,0,0.0,0,0,0.0,0.0,0.0,0.0,0.0,0.0,0.0,0.0,0.0,0.0,0.0,0.0,0.0,0.0,0.0,0.0,0.0,0.0,0,0,0,0,0.0,0.0,0.0,0.0,0.0,0.0,0.0
1,8,8,1000.0,1,0,0,0,0,0,0.1,0,0.0,0,0,0.0,0.0,0.0,0.0,0.0,0.0,0.0,0.0,0.0,0.0,0.0,0.0,0.0,0.0,0.0,0.0,0.0,0.0,0,0,0,0,0.0,0.0,0.0,0.0,0.0,0.0,0.0
1,9,9,1000.0,1,0,0,0,0,0,0.1,0,0.0,0,0,0.0,0.0,0.0,0.0,0.0,0.0,0.0,0.0,0.0,0.0,0.0,0.0,0.0,0.0,0.0,0.0,0.0,0.0,0,0,0,0,0.0,0.0,0.0,0.0,0.0,0.0,0.0
1,10,10,1000.0,1,0,0,0,0,0,0.1,0,0.0,0,0,0.0,0.0,0.0,0.0,0.0,0.0,0.0,0.0,0.0,0.0,0.0,0.0,0.0,0.0,0.0,0.0,0.0,0.0,0,0,0,0,0.0,0.0,0.0,0.0,0.0,0.0,0.0
1,11,11,1000.0,1,0,0,0,0,0,0.1,0,0.0,0,0,0.0,0.0,0.0,0.0,0.0,0.0,0.0,0.0,0.0,0.0,0.0,0.0,0.0,0.0,0.0,0.0,0.0,0.0,0,0,0,0,0.0,0.0,0.0,0.0,0.0,0.0,0.0
1,12,12,1000.0,1,0,0,0,0,0,0.1,0,0.0,0,0,0.0,0.0,0.0,0.0,0.0,0.0,0.0,0.0,0.0,0.0,0.0,0.0,0.0,0.0,0.0,0.0,0.0,0.0,0,0,0,0,0.0,0.0,0.0,0.0,0.0,0.0,0.0
1,13,13,1000.0,1,0,0,0,0,0,0.1,0,0.0,0,0,0.0,0.0,0.0,0.0,0.0,0.0,0.0,0.0,0.0,0.0,0.0,0.0,0.0,0.0,0.0,0.0,0.0,0.0,0,0,0,0,0.0,0.0,0.0,0.09090909090909091,0.0,0.0,0.0
1,14,14,1000.0,1,0,0,0,0,0,0.1,0,0.0,0,0,0.0,0.0,0.0,0.0,0.0,0.0,0.0,0.0,0.0,0.0,0.0,0.0,0.0,0.0,0.0,0.0,0.0,0.0,0,0,0,0,0.0,0.0,0.0,74.64196209576095,0.0,0.0,0.0
1,15,15,1000.0,1,0,0,0,0,0,0.1,0,0.0,0,0,0.0,0.0,0.0,0.0,0.0,0.0,0.0,0.0,0.0,0.0,0.0,0.0,0.0,0.0,0.0,0.0,0.0,0.0,0,0,0,0,0.0,0.0,0.0,149.19295967238241,0.0,0.0,0.0
1,16,16,1000.0,1,0,0,0,0,0,0.1,0,0.0,0,0,0.0,0.0,0.0,0.0,0.0,0.0,0.0,0.0,0.0,0.0,0.0,0.0,0.0,0.0,0.0,0.0,0.0,0.0,0,0,0,0,0.0,0.0,0.0,149.19295967238241,0.0,0.0,0.0
1,17,17,1000.0,1,0,0,0,0,0,0.1,0,0.0,0,0,0.0,0.0,0.0,0.0,0.0,0.0,0.0,0.0,0.0,0.0,0.0,0.0,0.0,0.0,0.0,0.0,0.0,0.0,0,0,0,0,0.0,0.0,0.0,149.19295967238241,0.0,0.0,0.0
1,18,18,20000.0,0,0,0,0,0,0,0.1,0,0.0,0,0,2683.282,0.0,0.0,-1.0,0.003,0.0,0.0,1.0,0.0,0.0,0.0,0.0,0.0,0.0,0.0,0.0,0.0,0.0,1,0,0,0,0.0,0.0,-1.0,0.0,0.0,0.0,0.0
1,19,19,20000.0,0,0,0,0,0,0,0.1,0,0.0,0,0,76840.348,-650.0,-500.0,-1.0,2.460182920028509,0.0,0.0,820.0609733428363,0.0,0.0,0.0,0.0,0.0,0.0,0.0,0.0,0.0,1.5707963267948966,1,0,0,0,-650.0,-500.0,0.0,0.0,1.0279999999999998,0.0,0.0
1,20,20,20000.0,0,0,0,0,0,0,0.1,0,0.0,0,0,0.0,-650.0,-500.0,-1.0,0.0,0.0,0.0,0.0,0.0,0.0,0.0,0.0,0.0,0.0,0.0,0.0,0.0,0.0,0,0,0,0,0.0,0.0,0.0,0.0,0.0,0.0,0.0
1,21,21,20000.0,0,0,0,0,0,0,0.1,0,0.0,0,0,0.0,-650.0,-500.0,-1.0,0.0,0.0,0.0,0.0,0.0,0.0,0.0,0.0,0.0,0.0,0.0,0.0,0.0,0.0,0,0,0,0,0.0,0.0,0.0,0.0,0.0,0.0,0.0
1,22,22,20000.0,0,0,0,0,0,0,0.1,0,0.0,0,0,0.0,-650.0,-500.0,-1.0,0.0,0.0,0.0,0.0,0.0,0.0,0.0,0.0,0.0,0.0,0.0,0.0,0.0,0.0,0,0,0,0,0.0,0.0,0.0,0.0,0.0,0.0,0.0
1,23,23,20000.0,0,0,0,0,0,0,0.1,0,0.0,0,0,0.0,-650.0,-500.0,-1.0,0.0,0.0,0.0,0.0,0.0,0.0,0.0,0.0,0.0,0.0,0.0,0.0,0.0,0.0,0,0,0,0,0.0,0.0,0.0,0.0,0.0,0.0,0.0
1,24,24,20000.0,0,0,0,0,0,0,0.1,0,0.0,0,0,0.0,-650.0,-500.0,-1.0,0.0,0.0,0.0,0.0,0.0,0.0,0.0,0.0,0.0,0.0,0.0,0.0,0.0,0.0,0,0,0,0,0.0,0.0,0.0,0.0,0.0,0.0,0.0
1,25,25,20000.0,0,0,0,0,0,0,0.1,0,0.0,0,0,0.0,-650.0,-500.0,-1.0,0.0,0.0,0.0,0.0,0.0,0.0,0.0,0.0,0.0,0.0,0.0,0.0,0.0,0.0,0,0,0,0,0.0,0.0,0.0,0.0,0.0,0.0,0.0
1,26,26,20000.0,0,0,0,0,0,0,0.1,0,0.0,0,0,0.0,-650.0,-500.0,-1.0,0.0,0.0,0.0,0.0,0.0,0.0,0.0,0.0,0.0,0.0,0.0,0.0,0.0,0.0,0,0,0,0,0.0,0.0,0.0,0.0,0.0,0.0,0.0
1,27,27,20000.0,0,0,0,0,0,0,0.1,0,0.0,0,0,0.0,-650.0,-500.0,-1.0,0.0,0.0,0.0,0.0,0.0,0.0,0.0,0.0,0.0,0.0,0.0,0.0,0.0,0.0,0,0,0,0,0.0,0.0,0.0,0.0,0.0,0.0,0.0
1,28,28,20000.0,0,0,0,0,0,0,0.1,0,0.0,0,0,0.0,-650.0,-500.0,-1.0,0.0,0.0,0.0,0.0,0.0,0.0,0.0,0.0,0.0,0.0,0.0,0.0,0.0,0.0,0,0,0,0,0.0,0.0,0.0,0.0,0.0,0.0,0.0
1,29,29,20000.0,0,0,0,0,0,0,0.1,0,0.0,0,0,0.0,-650.0,-500.0,-1.0,0.0,0.0,0.0,0.0,0.0,0.0,0.0,0.0,0.0,0.0,0.0,0.0,0.0,0.0,0,0,0,0,0.0,0.0,0.0,0.0,0.0,0.0,0.0
1,30,30,20000.0,0,0,0,0,0,0,0.1,0,0.0,0,0,0.0,-650.0,-500.0,-1.0,0.0,0.0,0.0,0.0,0.0,0.0,0.0,0.0,0.0,0.0,0.0,0.0,0.0,0.0,0,0,0,0,0.0,0.0,0.0,0.0,0.0,0.0,0.0
1,31,31,20000.0,0,0,0,0,0,0,0.1,0,0.0,0,0,0.0,-650.0,-500.0,-1.0,0.0,0.0,0.0,0.0,0.0,0.0,0.0,0.0,0.0,0.0,0.0,0.0,0.0,0.0,0,0,0,0,0.0,0.0,0.0,0.0,0.0,0.0,0.0
1,32,32,20000.0,0,0,0,0,0,0,0.1,0,0.0,0,0,0.0,-650.0,-500.0,-1.0,0.0,0.0,0.0,0.0,0.0,0.0,0.0,0.0,0.0,0.0,0.0,0.0,0.0,0.0,0,0,0,0,0.0,0.0,0.0,0.0,0.0,0.0,0.0
1,33,33,20000.0,0,0,0,0,0,0,0.1,0,0.0,0,0,0.0,-650.0,-500.0,-1.0,0.0,0.0,0.0,0.0,0.0,0.0,0.0,0.0,0.0,0.0,0.0,0.0,0.0,0.0,0,0,0,0,0.0,0.0,0.0,0.0,0.0,0.0,0.0
1,34,34,20000.0,0,0,0,0,0,0,0.1,0,0.0,0,0,0.0,-650.0,-500.0,-1.0,0.0,0.0,0.0,0.0,0.0,0.0,0.0,0.0,0.0,0.0,0.0,0.0,0.0,0.0,0,0,0,0,0.0,0.0,0.0,0.0,0.0,0.0,0.0
1,35,35,20000.0,0,0,0,0,0,0,0.1,0,0.0,0,0,0.0,-650.0,-500.0,-1.0,0.0,0.0,0.0,0.0,0.0,0.0,0.0,0.0,0.0,0.0,0.0,0.0,0.0,0.0,0,0,0,0,0.0,0.0,0.0,0.0,0.0,0.0,0.0
1,36,36,20000.0,0,0,0,0,0,0,0.1,0,0.0,0,0,0.0,-650.0,-500.0,-1.0,0.0,0.0,0.0,0.0,0.0,0.0,0.0,0.0,0.0,0.0,0.0,0.0,0.0,0.0,0,0,0,0,0.0,0.0,0.0,0.0,0.0,0.0,0.0
1,37,37,20000.0,0,0,0,0,0,0,0.1,0,0.0,0,0,0.0,-650.0,-500.0,-1.0,0.0,0.0,0.0,0.0,0.0,0.0,0.0,0.0,0.0,0.0,0.0,0.0,0.0,0.0,0,0,0,0,0.0,0.0,0.0,0.0,0.0,0.0,0.0
1,38,38,20000.0,0,0,0,0,0,0,0.1,0,0.0,0,0,0.0,-650.0,-500.0,-1.0,0.0,0.0,0.0,0.0,0.0,0.0,0.0,0.0,0.0,0.0,0.0,0.0,0.0,0.0,0,0,0,0,0.0,0.0,0.0,0.0,0.0,0.0,0.0
1,39,39,20000.0,0,0,0,0,0,0,0.1,0,0.0,0,0,0.0,-650.0,-500.0,-1.0,0.0,0.0,0.0,0.0,0.0,0.0,0.0,0.0,0.0,0.0,0.0,0.0,0.0,0.0,0,0,0,0,0.0,0.0,0.0,0.0,0.0,0.0,0.0
1,40,40,20000.0,0,0,0,0,0,0,0.1,0,0.0,0,0,0.0,-650.0,-500.0,-1.0,0.0,0.0,0.0,0.0,0.0,0.0,0.0,0.0,0.0,0.0,0.0,0.0,0.0,0.0,0,0,0,0,0.0,0.0,0.0,0.0,0.0,0.0,0.0
1,41,41,20000.0,0,0,0,0,0,0,0.1,0,0.0,0,0,0.0,-650.0,-500.0,-1.0,0.0,0.0,0.0,0.0,0.0,0.0,0.0,0.0,0.0,0.0,0.0,0.0,0.0,0.0,0,0,0,0,0.0,0.0,0.0,0.0,0.0,0.0,0.0
1,42,42,20000.0,0,0,0,0,0,0,0.1,0,0.0,0,0,0.0,-650.0,-500.0,-1.0,0.0,0.0,0.0,0.0,0.0,0.0,0.0,0.0,0.0,0.0,0.0,0.0,0.0,0.0,0,0,0,0,0.0,0.0,0.0,0.0,0.0,0.0,0.0
1,43,43,20000.0,0,0,0,0,0,0,0.1,0,0.0,0,0,0.0,-650.0,-500.0,-1.0,0.0,0.0,0.0,0.0,0.0,0.0,0.0,0.0,0.0,0.0,0.0,0.0,0.0,0.0,0,0,0,0,0.0,0.0,0.0,0.0,0.0,0.0,0.0
1,44,44,20000.0,0,0,0,0,1,0,0.1,0,0.0,0,0,0.0,-650.0,-500.0,-1.0,0.0,0.0,0.0,0.0,0.0,0.0,0.0,0.0,0.0,0.0,0.0,0.0,0.0,0.0,0,0,0,0,0.0,0.0,0.0,0.0,0.0,0.0,0.0
1,45,45,20000.0,0,0,0,0,1,0,0.1,0,0.0,0,0,0.0,-650.0,-500.0,-1.0,0.0,0.0,0.0,0.0,0.0,0.0,0.0,0.0,0.0,0.0,0.0,0.0,0.0,0.0,0,0,0,0,0.0,0.0,0.0,0.0,0.0,0.0,0.0
2,46,46,20000.0,0,0,0,0,1,0,0.1,0,0.0,0,0,0.0,-650.0,-500.0,-1.0,0.0,0.0,0.0,0.0,0.0,0.0,0.0,0.0,0.0,0.0,0.0,0.0,0.0,0.0,0,0,0,0,0.0,0.0,0.0,0.0,0.42800000000000016,26798.56530154336,0.0
2,47,47,20000.0,0,0,0,0,1,0,0.1,0,0.0,0,0,72458.538,-89.582,-33.455,-1.0,2.1875998596043567,0.0,0.0,729.1999532014521,0.0,0.0,0.0,0.0,0.0,0.0,0.0,0.0,0.0,3.1030451545388162,1,1,1,0,560.418,466.545,0.0,0.0,0.03600000000000003,7343.3235203497525,5.958064774191411
2,48,48,20000.0,0,0,0,0,1,0,0.1,0,0.0,0,0,2683.282,-89.582,-33.455,0.0,0.003,0.0,0.0,1.0,0.0,0.0,0.0,0.0,0.0,0.0,0.0,0.0,0.0,1.5707963267948966,1,0,0,0,0.0,0.0,1.0,0.0,0.524,53350.03796134411,0.0011246477470826593
2,49,49,20000.0,0,0,0,0,1,0,0.1,0,0.0,0,0,0.0,-89.582,-33.455,0.0,0.0,0.0,0.0,0.0,0.0,0.0,0.0,0.0,0.0,0.0,0.0,0.0,0.0,0.0,0,0,0,0,0.0,0.0,0.0,0.0,0.0,1.037294307659454,0.0
2,50,50,20000.0,0,0,0,0,1,0,0.1,0,0.0,0,0,0.0,-89.582,-33.455,0.0,0.0,0.0,0.0,0.0,0.0,0.0,0.0,0.0,0.0,0.0,0.0,0.0,0.0,0.0,0,0,0,0,0.0,0.0,0.0,0.0,0.0,1.037294307659454,0.0
2,51_pos,51,20000.0,0,0,0,0,1,1,0.1,0,0.0,0,0,0.0,-89.582,-33.455,0.0,0.0,0.0,0.0,0.0,0.0,0.0,0.0,0.0,0.0,0.0,0.0,0.0,0.0,0.0,0,0,0,0,0.0,0.0,0.0,0.0,0.0,1.037294307659454,0.0
2,51_app,51,20000.0,0,0,0,0,1,1,0.1,0,0.0,0,0,16269.628,-89.582,-33.455,-36.764,0.110292,0.0,0.0,36.764,0.0,0.0,0.0,0.0,0.0,0.0,0.0,0.0,0.0,0.0,1,0,0,0,0.0,0.0,-36.764,0.0,0.0,1.037294307659454,2126.532444757406
2,51_cut,51,125.0,1,0,0,0,1,1,0.1,0,0.0,0,0,11530.932,-89.582,-33.455,-55.231,8.864159999999998,0.0,0.0,18.467,0.0,0.0,0.0,0.0,0.0,0.0,0.0,0.0,0.0,0.0,1,0,0,0,0.0,0.0,-18.467,95.26763012166089,0.0,1.037294307659454,1068.1828597904205
2,51_ret,51,20000.0,0,0,0,0,1,1,0.1,0,0.0,0,0,19941.494,-89.582,-33.455,0.0,0.165693,0.0,0.0,55.231,0.0,0.0,0.0,0.0,0.0,0.0,0.0,0.0,0.0,3.141592653589793,1,0,0,1,0.0,0.0,55.231,0.0,0.0,1.037294307659454,3194.7153045478267
2,52_pos,52,20000.0,0,0,0,0,1,1,0.1,0,0.0,0,0,10419.981,-89.582,-18.375,0.0,0.045239999999999995,0.0,0.0,15.079999999999998,0.0,0.0,0.0,0.0,0.0,0.0,0.0,0.0,0.0,1.5707963267948966,1,0,0,0,0.0,15.079999999999998,0.0,0.0,19.084,4433.437128712995,0.20408544741507562
2,52_app,52,20000.0,0,0,0,0,1,1,0.1,0,0.0,0,0,16269.628,-89.582,-18.375,-36.764,0.110292,0.0,0.0,36.764,0.0,0.0,0.0,0.0,0.0,0.0,0.0,0.0,0.0,1.5707963267948966,1,0,0,0,0.0,0.0,-36.764,0.0,0.0,0.0,0.0
2,52_cut,52,125.0,1,0,0,0,1,1,0.1,0,0.0,0,0,11530.932,-89.582,-18.375,-55.231,8.864159999999998,0.0,0.0,18.467,0.0,0.0,0.0,0.0,0.0,0.0,0.0,0.0,0.0,0.0,1,0,0,0,0.0,0.0,-18.467,33.906753859468715,0.0,0.0,0.0
2,52_ret,52,20000.0,0,0,0,0,1,1,0.1,0,0.0,0,0,19941.494,-89.582,-18.375,0.0,0.165693,0.0,0.0,55.231,0.0,0.0,0.0,0.0,0.0,0.0,0.0,0.0,0.0,3.141592653589793,1,0,0,1,0.0,0.0,55.231,0.0,0.0,0.0,0.0
2,53,53,20000.0,0,0,0,0,1,0,0.1,0,0.0,0,0,0.0,-89.582,-18.375,0.0,0.0,0.0,0.0,0.0,0.0,0.0,0.0,0.0,0.0,0.0,0.0,0.0,0.0,0.0,0,0,0,0,0.0,0.0,0.0,0.0,0.0,0.0,0.0
3,54,54,20000.0,0,0,0,0,1,0,0.1,0,0.0,0,0,0.0,-89.582,-18.375,0.0,0.0,0.0,0.0,0.0,0.0,0.0,0.0,0.0,0.0,0.0,0.0,0.0,0.0,0.0,0,0,0,0,0.0,0.0,0.0,0.0,0.0,0.0,0.0
3,55,55,20000.0,0,0,0,0,1,0,0.1,0,0.0,0,0,0.0,-89.582,-18.375,0.0,0.0,0.0,0.0,0.0,0.0,0.0,0.0,0.0,0.0,0.0,0.0,0.0,0.0,0.0,0,0,0,0,0.0,0.0,0.0,0.0,0.0,0.0,0.0
3,56,56,20000.0,0,0,0,0,1,0,0.1,0,0.0,0,0,0.0,-89.582,-18.375,0.0,0.0,0.0,0.0,0.0,0.0,0.0,0.0,0.0,0.0,0.0,0.0,0.0,0.0,0.0,0,0,0,0,0.0,0.0,0.0,0.0,0.0,0.0,0.0
3,57,57,20000.0,0,0,0,0,1,0,0.1,0,0.0,0,0,0.0,-89.582,-18.375,0.0,0.0,0.0,0.0,0.0,0.0,0.0,0.0,0.0,0.0,0.0,0.0,0.0,0.0,0.0,0,0,0,0,0.0,0.0,0.0,0.0,0.0,0.0,0.0
3,58,58,20000.0,0,0,0,0,1,0,0.1,0,0.0,0,0,0.0,-89.582,-18.375,0.0,0.0,0.0,0.0,0.0,0.0,0.0,0.0,0.0,0.0,0.0,0.0,0.0,0.0,0.0,0,0,0,0,0.0,0.0,0.0,0.0,0.0,0.0,0.0
3,59,59,20000.0,0,0,0,0,1,0,0.1,0,0.0,0,0,2683.282,-89.582,-18.375,-1.0,0.003,0.0,0.0,1.0,0.0,0.0,0.0,0.0,0.0,0.0,0.0,0.0,0.0,3.141592653589793,1,0,0,1,0.0,0.0,-1.0,0.0,0.004000000000001336,0.0,0.0
3,60,60,20000.0,0,0,0,0,1,0,0.1,0,0.0,0,0,72940.808,-650.0,-500.0,-1.0,2.2168172631367247,0.0,0.0,738.9390877122416,0.0,0.0,0.0,0.0,0.0,0.0,0.0,0.0,0.0,1.5707963267948966,1,0,0,0,-560.418,-481.625,0.0,0.0,2.3999999999999986,21620.352896523884,2.0506762990840395
3,61,61,20000.0,0,0,0,0,1,0,0.1,0,0.0,0,0,0.0,-650.0,-500.0,-1.0,0.0,0.0,0.0,0.0,0.0,0.0,0.0,0.0,0.0,0.0,0.0,0.0,0.0,0.0,0,0,0,0,0.0,0.0,0.0,0.0,0.0,0.0,0.0
3,62,62,20000.0,0,0,0,0,1,0,0.1,0,0.0,0,0,0.0,-650.0,-500.0,-1.0,0.0,0.0,0.0,0.0,0.0,0.0,0.0,0.0,0.0,0.0,0.0,0.0,0.0,0.0,0,0,0,0,0.0,0.0,0.0,0.0,0.0,0.0,0.0
3,63,63,20000.0,0,0,0,0,0,0,0.1,0,0.0,0,0,0.0,-650.0,-500.0,-1.0,0.0,0.0,0.0,0.0,0.0,0.0,0.0,0.0,0.0,0.0,0.0,0.0,0.0,0.0,0,0,0,0,0.0,0.0,0.0,0.0,0.0,0.0,0.0
3,64,64,20000.0,0,0,0,0,0,0,0.1,0,0.0,0,0,0.0,-650.0,-500.0,-1.0,0.0,0.0,0.0,0.0,0.0,0.0,0.0,0.0,0.0,0.0,0.0,0.0,0.0,0.0,0,0,0,0,0.0,0.0,0.0,0.0,0.0,0.0,0.0
3,65,65,20000.0,0,0,0,0,0,0,0.1,0,0.0,0,0,0.0,-650.0,-500.0,-1.0,0.0,0.0,0.0,0.0,0.0,0.0,0.0,0.0,0.0,0.0,0.0,0.0,0.0,0.0,0,0,0,0,0.0,0.0,0.0,0.0,0.0,0.0,0.0
3,66,66,20000.0,0,0,0,0,0,0,0.1,0,0.0,0,0,0.0,-650.0,-500.0,-1.0,0.0,0.0,0.0,0.0,0.0,0.0,0.0,0.0,0.0,0.0,0.0,0.0,0.0,0.0,0,0,0,0,0.0,0.0,0.0,0.0,0.0,0.0,0.0
3,67,67,20000.0,0,0,0,0,0,0,0.1,0,0.0,0,0,0.0,-650.0,-500.0,-1.0,0.0,0.0,0.0,0.0,0.0,0.0,0.0,0.0,0.0,0.0,0.0,0.0,0.0,0.0,0,0,0,0,0.0,0.0,0.0,0.0,0.0,0.0,0.0
3,68,68,20000.0,0,0,0,0,0,0,0.1,0,0.0,0,0,0.0,-650.0,-500.0,-1.0,0.0,0.0,0.0,0.0,0.0,0.0,0.0,0.0,0.0,0.0,0.0,0.0,0.0,0.0,0,0,0,0,0.0,0.0,0.0,0.0,0.0,0.0,0.0
3,69,69,20000.0,0,0,0,0,0,0,0.1,0,0.0,0,0,0.0,-650.0,-500.0,-1.0,0.0,0.0,0.0,0.0,0.0,0.0,0.0,0.0,0.0,0.0,0.0,0.0,0.0,0.0,0,0,0,0,0.0,0.0,0.0,0.0,0.0,0.0,0.0
3,70,70,20000.0,0,0,0,0,0,0,0.1,0,0.0,0,0,0.0,-650.0,-500.0,-1.0,0.0,0.0,0.0,0.0,0.0,0.0,0.0,0.0,0.0,0.0,0.0,0.0,0.0,0.0,0,0,0,0,0.0,0.0,0.0,0.0,0.0,0.0,0.0
3,71,71,20000.0,0,0,0,0,0,0,0.1,0,0.0,0,0,0.0,-650.0,-500.0,-1.0,0.0,0.0,0.0,0.0,0.0,0.0,0.0,0.0,0.0,0.0,0.0,0.0,0.0,0.0,0,0,0,0,0.0,0.0,0.0,0.0,0.0,0.0,0.0
3,72,72,20000.0,0,0,0,0,0,0,0.1,0,0.0,0,0,0.0,-650.0,-500.0,-1.0,0.0,0.0,0.0,0.0,0.0,0.0,0.0,0.0,0.0,0.0,0.0,0.0,0.0,0.0,0,0,0,0,0.0,0.0,0.0,0.0,0.0,0.0,0.0
3,73,73,20000.0,0,0,0,0,0,0,0.1,0,0.0,0,0,0.0,-650.0,-500.0,-1.0,0.0,0.0,0.0,0.0,0.0,0.0,0.0,0.0,0.0,0.0,0.0,0.0,0.0,0.0,0,0,0,0,0.0,0.0,0.0,0.0,0.0,0.0,0.0
